序列号,价格,成交量,商品名称,商品图片网址,商品详情网址
89,368.00,700+人付款,坏品味西部  新中式连衣裙弹力印花长款吊带连衣裙,https://g-search1.alicdn.com/img/bao/uploaded/i4/i3/380940664/O1CN01a8eEpw1Gm9jzOPh8f_!!380940664.jpg,https://item.taobao.com/item.htm?id=673839975397&ns=1&abbucket=0#detail
90,248.00,600+人付款,敬酒服2023新款新娘酒红色夏季平时可穿纱袖订婚连衣裙出阁宴礼服,https://g-search3.alicdn.com/img/bao/uploaded/i4/i1/3489436739/O1CN01o4ETzo1zeVtFlKdBi_!!0-item_pic.jpg,https://detail.tmall.com/item.htm?id=694499757500&ns=1&abbucket=0
91,79.90,700+人付款,复古牛仔半身裙女春秋新款高腰夏季设计感显瘦a字中长包臀鱼尾裙,https://g-search2.alicdn.com/img/bao/uploaded/i4/i1/2970503593/O1CN01HpoQmQ1cPdsmEUEdM_!!0-item_pic.jpg,https://detail.tmall.com/item.htm?id=705830348535&ns=1&abbucket=0
92,138.00,700+人付款,2023年新款高腰牛仔半身裙女拼接设计感中长款显瘦A字鱼尾裙春夏,https://g-search2.alicdn.com/img/bao/uploaded/i4/i4/2206478531324/O1CN01uce3gC1LeRDNa5PRJ_!!0-item_pic.jpg,https://detail.tmall.com/item.htm?id=710177050863&ns=1&abbucket=0
93,69.00,700+人付款,高腰复古鱼尾裙女夏新款大码梨形身材显瘦中长款牛仔a字半身裙子,https://g-search2.alicdn.com/img/bao/uploaded/i4/i3/3686467019/O1CN010plDQV21ikmAyrtma_!!3686467019.jpg,https://item.taobao.com/item.htm?id=692092327648&ns=1&abbucket=0#detail
94,89.00,700+人付款,牛仔鱼尾裙2023新款胖mm大码显瘦遮垮高腰梨形身材半身裙子女夏季,https://g-search3.alicdn.com/img/bao/uploaded/i4/i4/2209436616974/O1CN01ypBeqj21O8ykSCorZ_!!2209436616974.jpg,https://item.taobao.com/item.htm?id=705476235063&ns=1&abbucket=0#detail
95,289.00,700+人付款,鹭青一【琼华】醋酸半身裙女夏季新款复古高级感修身显瘦鱼尾裙,https://g-search2.alicdn.com/img/bao/uploaded/i4/i3/3321194214/O1CN01mxJ1MI1h03qtgVUEY_!!3321194214.jpg,https://item.taobao.com/item.htm?id=712001377788&ns=1&abbucket=0#detail
96,108.00,600+人付款,波点鱼尾裙半身裙女夏季高腰开叉包臀裙中长款显瘦印花A字一步裙,https://g-search2.alicdn.com/img/bao/uploaded/i4/i3/1778614207/O1CN010bkV5w1gwr06JeBAs_!!0-item_pic.jpg,https://detail.tmall.com/item.htm?id=673870679289&ns=1&abbucket=0
97,59.90,700+人付款,法式高腰显瘦半身裙短裙女2023春季新款小个子百褶包臀a字鱼尾裙,https://g-search2.alicdn.com/img/bao/uploaded/i4/i4/2089135099/O1CN01VbgSQ61nXOEnpdGAo_!!0-item_pic.jpg,https://detail.tmall.com/item.htm?id=652822143988&ns=1&abbucket=0
98,127.50,600+人付款,ZNZW复古中长款牛仔裙女春夏2023新款鱼尾半身长裙a字显瘦包臀裙,https://g-search1.alicdn.com/img/bao/uploaded/i4/i2/2209156023156/O1CN01XvMkPX1ZBUmKYIvqR_!!0-item_pic.jpg,https://detail.tmall.com/item.htm?id=693139430733&ns=1&abbucket=0
99,46.98,700+人付款,复古毛边鱼尾牛仔半身裙女夏季辣妹a字小个子高腰显瘦百搭长裙子,https://g-search1.alicdn.com/img/bao/uploaded/i4/i4/2927865864/O1CN01xSLg4T1tBlLk4DgcN_!!0-item_pic.jpg,https://detail.tmall.com/item.htm?id=707088038527&ns=1&abbucket=0
100,149.00,600+人付款,酒午自制 法式复古绿色半身裙鱼尾裙女高腰修身显瘦中长款包臀裙,https://g-search2.alicdn.com/img/bao/uploaded/i4/i4/2024734791/O1CN01Kf7WVR1lGKNejFWpF_!!2024734791.jpg,https://item.taobao.com/item.htm?id=711514418470&ns=1&abbucket=0#detail
101,123.49,600+人付款,芭比姨美式复古辣妹吊带连衣裙女2023夏季开叉露背后妈裙包臀长裙,https://g-search3.alicdn.com/img/bao/uploaded/i4/i2/2988053804/O1CN01VzQkWe1dyHTD1qifi_!!0-item_pic.jpg,https://item.taobao.com/item.htm?id=705989242350&ns=1&abbucket=0#detail
102,49.00,600+人付款,纯欲辣妹a字方领连衣裙鱼尾裙褶皱显瘦针织紧身包臀短裙小黑裙夏,https://g-search3.alicdn.com/img/bao/uploaded/i4/i1/2208832110786/O1CN016F9w0N1Hg28v4qN2W_!!0-item_pic.jpg,https://item.taobao.com/item.htm?id=675940827275&ns=1&abbucket=0#detail
103,39.90,600+人付款,大码复古水洗牛仔半身裙女春季高腰设计感小众中长款a字鱼尾裙子,https://g-search1.alicdn.com/img/bao/uploaded/i4/i2/1680060628/O1CN01HLsgA81GVfY6LoWSk_!!1680060628.jpg,https://item.taobao.com/item.htm?id=706139185781&ns=1&abbucket=0#detail
104,258.00,600+人付款,OOTWEEKQZ004春夏自制重工日系复古磁吸扣轻户外纯色百搭半身裙女,https://g-search1.alicdn.com/img/bao/uploaded/i4/i3/54977655/O1CN01ynnaJV26Q2dWoQcBW_!!54977655.jpg,https://item.taobao.com/item.htm?id=672702425399&ns=1&abbucket=0#detail
105,49.98,600+人付款,黑色鱼尾裙半身裙女春秋2023新款中长款高腰开叉荷叶边a字包臀裙,https://g-search3.alicdn.com/img/bao/uploaded/i4/i4/1118751933/O1CN01NLB2K31Q9MOE7YuSY_!!1118751933.jpg,https://item.taobao.com/item.htm?id=692057608956&ns=1&abbucket=0#detail
106,49.98,1000+人付款,纯欲风吊带连衣裙女夏季御姐风修身性感后妈裙包臀长裙鱼尾裙裙子,https://g-search3.alicdn.com/img/bao/uploaded/i4/i4/2200717121882/O1CN01yk0nHP1Pm0D5CrHy5_!!2200717121882.jpg,https://item.taobao.com/item.htm?id=703722183111&ns=1&abbucket=0#detail
107,69.00,800+人付款,早春复古牛仔半身裙女高腰设计感宽松显瘦遮胯百搭包臀长裙鱼尾裙,https://g-search1.alicdn.com/img/bao/uploaded/i4/i2/1108730454/O1CN01Pbf4R31FDycNzkVEk_!!1108730454.jpg,https://item.taobao.com/item.htm?id=696548671449&ns=1&abbucket=0#detail
108,82.98,700+人付款,港风翻领水洗牛仔衬衫连衣裙女装夏季连体开叉裙子鱼尾包臀裙长裙,https://g-search3.alicdn.com/img/bao/uploaded/i4/i3/2200717121882/O1CN017uIc5L1Pm0DWpx7Vd_!!2200717121882.jpg,https://item.taobao.com/item.htm?id=709307641685&ns=1&abbucket=0#detail
109,339.00,600+人付款,杨二大梦原创晕染鱼尾褶皱吊带鱼尾连衣裙2023新款气质高级感裙子,https://g-search2.alicdn.com/img/bao/uploaded/i4/i3/1048422080/O1CN01uZZZ2K1REgeJRAQN2_!!0-item_pic.jpg,https://item.taobao.com/item.htm?id=681020029388&ns=1&abbucket=0#detail
110,139.00,600+人付款,BBeginning法式珠光粉色半身裙女显瘦绸缎面醋酸鱼尾开叉长裙子夏,https://g-search1.alicdn.com/img/bao/uploaded/i4/i4/377286169/O1CN01EvwE271vRS5Q7A99y_!!377286169.jpg,https://item.taobao.com/item.htm?id=674025364423&ns=1&abbucket=0#detail
111,79.00,600+人付款,包臀裙半身裙女春夏季新款高腰显瘦裙子中长款黑色气质法式鱼尾裙,https://g-search3.alicdn.com/img/bao/uploaded/i4/i4/600974928/O1CN01ZZxV4i1mH4atmhb7T_!!600974928.jpg,https://item.taobao.com/item.htm?id=683839076457&ns=1&abbucket=0#detail
112,179.00,600+人付款,岛歌夫人 法式碎花裙V领连衣裙女春雪纺长袖修身气质中长款鱼尾裙,https://g-search2.alicdn.com/img/bao/uploaded/i4/i1/44597218/O1CN01FWh13z23BtbwDb5nc_!!44597218.jpg,https://item.taobao.com/item.htm?id=695871602292&ns=1&abbucket=0#detail
113,149.99,600+人付款,邱肉瑶 2023夏季装新款设计感中长款包臀裙黑色开叉鱼尾半身裙子,https://g-search3.alicdn.com/img/bao/uploaded/i4/i1/1713193389/O1CN01UuN9ht1auD5ir26g1_!!1713193389.jpg,https://item.taobao.com/item.htm?id=707274360518&ns=1&abbucket=0#detail
114,89.90,600+人付款,欧洲站设计感拼接鱼尾裙七分袖条纹撞色中长款宽松洋气减龄连衣裙,https://g-search3.alicdn.com/img/bao/uploaded/i4/i4/2605309979/O1CN01u2Mfe92NaR1HqBNUB_!!2605309979.jpg,https://item.taobao.com/item.htm?id=645102991930&ns=1&abbucket=0#detail
115,119.00,600+人付款,LGKG设计感高腰牛仔女2023新款小众中长款百搭A字半身鱼尾伞裙子,https://g-search2.alicdn.com/img/bao/uploaded/i4/i4/2211862060563/O1CN01heLLWz1G1tnCMvjIp_!!0-item_pic.jpg,https://detail.tmall.com/item.htm?id=698623334386&ns=1&abbucket=0
116,69.90,600+人付款,高腰牛仔半身裙女春秋2023新款拼接小个子中长款A字鱼尾包臀夏季,https://g-search3.alicdn.com/img/bao/uploaded/i4/i2/3937219703/O1CN01k1HXgt2LY1rJ33Fe0_!!3937219703-0-C2M.jpg,https://detail.tmall.com/item.htm?id=706746935168&ns=1&abbucket=0
117,56.98,600+人付款,夏季2023年新款复古V领碎花裙子女收腰中长款短袖粉色鱼尾连衣裙,https://g-search3.alicdn.com/img/bao/uploaded/i4/i3/2639837995/O1CN01lVublE28vlNJfyxJC_!!2639837995.jpg,https://item.taobao.com/item.htm?id=711179129231&ns=1&abbucket=0#detail
118,69.80,600+人付款,吱吟初恋鱼尾长裙女2023夏季新款气质时尚温柔法式短袖碎花连衣裙,https://g-search3.alicdn.com/img/bao/uploaded/i4/i3/2125499275/O1CN01QUw7qo2IO0KON30BV_!!2125499275.jpg,https://item.taobao.com/item.htm?id=702376021201&ns=1&abbucket=0#detail
119,137.54,500+人付款,ZXZA早春新品复古蓝多口袋高腰遮胯半身裙时尚百搭显瘦牛仔鱼尾裙,https://g-search1.alicdn.com/img/bao/uploaded/i4/i1/2214142944668/O1CN01EJsabh1kLzdFNll1H_!!0-item_pic.jpg,https://detail.tmall.com/item.htm?id=692800453142&ns=1&abbucket=0
120,283.00,600+人付款,【ABOUT MIN 新品】不止玫瑰/ 浪漫斜裁鱼尾裙and氛围感大摆裙,https://g-search3.alicdn.com/img/bao/uploaded/i4/i2/107289854/O1CN01njvNsb2MfBfOtod9A_!!107289854.jpg,https://item.taobao.com/item.htm?id=713546509164&ns=1&abbucket=0#detail
121,128.00,600+人付款,泛泛家 迷失夏日 设计感纱纱鱼尾吊带连衣裙女春夏新款长裙,https://g-search3.alicdn.com/img/bao/uploaded/i4/i2/2613831248/O1CN01otlefK1L5d7Agzg7s_!!2613831248.jpg,https://item.taobao.com/item.htm?id=707613247149&ns=1&abbucket=0#detail
122,29.00,600+人付款,黑色蕾丝连衣裙女2023夏装新款短袖名媛气质显瘦大码女人味鱼尾裙,https://g-search2.alicdn.com/img/bao/uploaded/i4/i1/2879126640/O1CN01vDFAxG1yvAdotrDCO_!!2879126640.jpg,https://item.taobao.com/item.htm?id=676774373457&ns=1&abbucket=0#detail
123,299.00,600+人付款,红袖温柔风连衣裙夏季2023新款女装收腰V领雪纺复古碎花吊带裙子,https://g-search3.alicdn.com/img/bao/uploaded/i4/i3/708558593/O1CN01x1OEUe2DLeEAFyQ8F_!!708558593.jpg,https://detail.tmall.com/item.htm?id=704693811590&ns=1&abbucket=0
124,99.00,500+人付款,小个子修身POETWQNG长度友好S曲线美不挑身高的卡戴珊吊带鱼尾裙,https://g-search1.alicdn.com/img/bao/uploaded/i4/i4/75902810/O1CN01vwGqvd1Wd1heTCP7A_!!75902810.jpg,https://item.taobao.com/item.htm?id=675028628201&ns=1&abbucket=0#detail
125,69.00,500+人付款,纯欲风性感显胸辣妹吊带长裙时尚显身材连衣裙紧身无袖针织背心裙,https://g-search2.alicdn.com/img/bao/uploaded/i4/i1/1605589468/O1CN012AhT7Q2JoOgibhJRj_!!1605589468.jpg,https://item.taobao.com/item.htm?id=667366025587&ns=1&abbucket=0#detail
126,79.00,500+人付款,醋酸缎面高级感鎏光半身裙女夏气质高腰垂感显瘦鱼尾裙中长款裙子,https://g-search3.alicdn.com/img/bao/uploaded/i4/i1/859693586/O1CN010B7LRY1cMR3YyU2pd_!!859693586.jpg,https://item.taobao.com/item.htm?id=677475125863&ns=1&abbucket=0#detail
127,49.98,500+人付款,鱼尾半身裙女夏季小个子设计感高腰显瘦美式复古a字毛边牛仔裙子,https://g-search3.alicdn.com/img/bao/uploaded/i4/i2/851003831/O1CN01mTXfi31eAe8Juucum_!!851003831.jpg,https://item.taobao.com/item.htm?id=696283917072&ns=1&abbucket=0#detail
128,189.00,600+人付款,你的呵呵 半夏微醺 爱意漫游醋酸缎面丝滑垂坠高腰半身裙鱼尾裙,https://g-search3.alicdn.com/img/bao/uploaded/i4/i1/2251188479/O1CN019PjuLa2CVR4YGVeqQ_!!2251188479.jpg,https://item.taobao.com/item.htm?id=710864716919&ns=1&abbucket=0#detail
129,79.90,500+人付款,新中式国风改良旗袍连衣裙2023年夏季新款温柔素雅碎花鱼尾长裙子,https://g-search1.alicdn.com/img/bao/uploaded/i4/i3/2206513783971/O1CN01LxnjBj1fClb2jVtqY_!!0-item_pic.jpg,https://detail.tmall.com/item.htm?id=708788559597&ns=1&abbucket=0
130,459.00,500+人付款,TR她热 富贵竹 草绿色丝绒烧花辣妹露背显瘦吊带连衣裙,https://g-search2.alicdn.com/img/bao/uploaded/i4/i3/2212431452026/O1CN01lnRSId1QpxGGiLyEW_!!2212431452026.jpg,https://item.taobao.com/item.htm?id=709691785947&ns=1&abbucket=0#detail
131,39.99,500+人付款,2023春夏棉罗纹长度友好S曲线美 卡戴珊吊带鱼尾裙连衣裙长裙,https://g-search2.alicdn.com/img/bao/uploaded/i4/i3/23389986/O1CN01aG6mZu2Ndds7xNIwF_!!23389986.jpg,https://item.taobao.com/item.htm?id=674872799297&ns=1&abbucket=0#detail
132,78.00,500+人付款,鱼尾裙半身裙女夏2023新款小众气质长裙亮片修身显瘦a字裙包臀裙,https://g-search3.alicdn.com/img/bao/uploaded/i4/i2/1127979839/O1CN0185kQpI2MYJhlo6ROt_!!1127979839.jpg,https://item.taobao.com/item.htm?id=705042145278&ns=1&abbucket=0#detail
